cmabbreviation,cmeqntype,pollutant,costyear,var1,var2,var3,var4,var5,var6,var7,var8,var9,var10,var11
"NDLNCGTNG","Type 2","NOX",1990,71281.1000000000058,0.510000000000000009,7826.30000000000018,0.510000000000000009,71281.1000000000058,0.510000000000000009,7826.30000000000018,0.510000000000000009,,,
